{
    "zhen": {
        "noterm": {
            "CommandA_MT": {
                "bleu4": 42.066928927820356,
                "chrf2++": 72.86653660298087,
                "lowercase_term_success_rate": -1.0,
                "nonlowercase_term_success_rate": -1.0
            },
            "Erlendur": {
                "bleu4": 42.65046558084656,
                "chrf2++": 73.9939903888222,
                "lowercase_term_success_rate": -1.0,
                "nonlowercase_term_success_rate": -1.0
            },
            "MeGuMa": {
                "bleu4": 30.829781596620208,
                "chrf2++": 68.3148184217875,
                "lowercase_term_success_rate": -1.0,
                "nonlowercase_term_success_rate": -1.0
            },
            "stitch": {
                "bleu4": 28.877101874744707,
                "chrf2++": 63.07042944549281,
                "lowercase_term_success_rate": -1.0,
                "nonlowercase_term_success_rate": -1.0
            }
        },
        "proper": {
            "CommandA_MT": {
                "bleu4": 46.74327754116061,
                "chrf2++": 75.52663012192876,
                "lowercase_term_success_rate": 0.8228613834212153,
                "nonlowercase_term_success_rate": 0.7366077541255218
            },
            "Erlendur": {
                "bleu4": 42.94173326141421,
                "chrf2++": 74.21016646282779,
                "lowercase_term_success_rate": 0.6651769590197056,
                "nonlowercase_term_success_rate": 0.5722720470673348
            },
            "MeGuMa": {
                "bleu4": 32.95668601681275,
                "chrf2++": 69.40884927598886,
                "lowercase_term_success_rate": 0.5821080458593669,
                "nonlowercase_term_success_rate": 0.5002821457096895
            },
            "stitch": {
                "bleu4": 35.79030993738044,
                "chrf2++": 69.28917422211661,
                "lowercase_term_success_rate": 0.7016290171259776,
                "nonlowercase_term_success_rate": 0.6123603163500385
            }
        },
        "random": {
            "CommandA_MT": {
                "bleu4": 43.08114680757294,
                "chrf2++": 73.65299530914525,
                "lowercase_term_success_rate": 0.7774345356556033,
                "nonlowercase_term_success_rate": 0.7354909671107651
            },
            "Erlendur": {
                "bleu4": 42.62359565058065,
                "chrf2++": 74.03644034929172,
                "lowercase_term_success_rate": 0.7706581439490763,
                "nonlowercase_term_success_rate": 0.7221834562019133
            },
            "MeGuMa": {
                "bleu4": 23.88308456239229,
                "chrf2++": 65.20666175199193,
                "lowercase_term_success_rate": 0.7643298105792492,
                "nonlowercase_term_success_rate": 0.7198290013021026
            },
            "stitch": {
                "bleu4": 33.499971264901056,
                "chrf2++": 68.82078828769983,
                "lowercase_term_success_rate": 0.7594299950251592,
                "nonlowercase_term_success_rate": 0.7101934498282958
            }
        }
    },
    "enzh": {
        "noterm": {
            "CommandA_MT": {
                "bleu4": 46.88974460755554,
                "chrf2++": 36.88427493532099,
                "lowercase_term_success_rate": -1.0,
                "nonlowercase_term_success_rate": -1.0
            },
            "Erlendur": {
                "bleu4": 51.92899075320029,
                "chrf2++": 40.847036370999966,
                "lowercase_term_success_rate": -1.0,
                "nonlowercase_term_success_rate": -1.0
            },
            "MeGuMa": {
                "bleu4": 42.68739880270471,
                "chrf2++": 33.69419390679079,
                "lowercase_term_success_rate": -1.0,
                "nonlowercase_term_success_rate": -1.0
            },
            "stitch": {
                "bleu4": 40.09958566565455,
                "chrf2++": 31.845258448926312,
                "lowercase_term_success_rate": -1.0,
                "nonlowercase_term_success_rate": -1.0
            }
        },
        "proper": {
            "CommandA_MT": {
                "bleu4": 55.389960640076175,
                "chrf2++": 43.60466179724693,
                "lowercase_term_success_rate": 0.6840332417392061,
                "nonlowercase_term_success_rate": 0.7522588589355235
            },
            "Erlendur": {
                "bleu4": 57.03160739436442,
                "chrf2++": 46.104837894798436,
                "lowercase_term_success_rate": 0.7518364322073526,
                "nonlowercase_term_success_rate": 0.8226491982202989
            },
            "MeGuMa": {
                "bleu4": 47.8817346049295,
                "chrf2++": 39.091811684828635,
                "lowercase_term_success_rate": 0.8562190832835171,
                "nonlowercase_term_success_rate": 0.9419433930154097
            },
            "stitch": {
                "bleu4": 47.67698152116813,
                "chrf2++": 37.5021564777886,
                "lowercase_term_success_rate": 0.6142699290370778,
                "nonlowercase_term_success_rate": 0.6853119971532958
            }
        },
        "random": {
            "CommandA_MT": {
                "bleu4": 50.641072893073854,
                "chrf2++": 39.808031984400316,
                "lowercase_term_success_rate": 0.5933801884448572,
                "nonlowercase_term_success_rate": 0.6205513880384675
            },
            "Erlendur": {
                "bleu4": 52.10835940135785,
                "chrf2++": 41.8260118793898,
                "lowercase_term_success_rate": 0.6032590073375365,
                "nonlowercase_term_success_rate": 0.6311673169445147
            },
            "MeGuMa": {
                "bleu4": 39.270347599367426,
                "chrf2++": 31.61820243332446,
                "lowercase_term_success_rate": 0.7328159076764469,
                "nonlowercase_term_success_rate": 0.7634026134305333
            },
            "stitch": {
                "bleu4": 38.80558005587646,
                "chrf2++": 31.068790422767584,
                "lowercase_term_success_rate": 0.4977247749129913,
                "nonlowercase_term_success_rate": 0.5199701661140484
            }
        }
    }
}